Health_Parameter,Foundational_AI_Model,Technical_Platform,Authentication_Method,Setup_Time_Minutes,Daily_Auth_Time_Seconds,Expected_Accuracy,Privacy_Compliance,Family_Control_Level,Elderly_Barrier_Level,Development_Priority
Voice Cognitive Decline Detection,GPT-4o Audio + Whisper,WhatsApp Bot,PIN + Voice Biometrics,5-8,3-5,75-85%,GDPR + HIPAA,View Reports + Emergency,Very Low,Phase 1 Core
Voice Depression Screening,GPT-4o Audio Analysis,WhatsApp Bot,PIN + Voice Biometrics,5-8,3-5,70-80%,GDPR + HIPAA,View Reports + Emergency,Very Low,Phase 1 Core
Voice Anxiety Detection,Claude 3.5 + Voice Transcript,WhatsApp Bot,PIN + Voice Biometrics,5-8,3-5,75-82%,GDPR + HIPAA,View Reports + Emergency,Low,Phase 1 Core
Voice Speech Pattern Analysis,GPT-4 + Whisper STT,All Platforms,Platform Adaptive,3-10,5-15,80-90%,GDPR + HIPAA,Full Monitoring + Control,Low-Medium,Phase 1 Core
Voice Mood Tracking,GPT-4o Multimodal,Progressive Web App,Biometrics + PIN,8-12,2-8,70-85%,GDPR + HIPAA,View + Basic Control,Medium,Phase 1 Core
Voice Frailty Assessment,Claude 3.5 + Audio Features,WhatsApp Bot,PIN + Voice Biometrics,5-8,3-5,65-75%,GDPR + HIPAA,View Reports + Emergency,Medium,Phase 2 Advanced
Camera Heart Rate (rPPG),GPT-4V + rPPG Algorithms,PWA + Camera Access,Biometrics + PIN,10-15,2-8,70-80%,GDPR + HIPAA,Health Alerts + Control,Medium,Phase 2 Enhanced
Camera Respiratory Rate,GPT-4V + Movement Detection,PWA + Camera Access,Biometrics + PIN,8-12,2-8,75-85%,GDPR + HIPAA,Health Alerts + Control,Medium,Phase 2 Enhanced
Camera Facial Expression,GPT-4V + Claude 3.5,PWA + Camera Access,Biometrics + PIN,8-12,2-8,80-85%,GDPR + HIPAA,Mood Alerts + Control,Low-Medium,Phase 2 Enhanced
Camera Fall Detection,Gemini Vision + Pattern Recognition,PWA + Camera Access,Trusted Device + PIN,12-15,5-15,80-90%,GDPR + HIPAA,Emergency Alerts + Full Control,Low,Phase 2 Safety
Camera Blood Pressure,Gemini Pro Vision + ML,Advanced PWA,Advanced Biometrics,15-20,3-10,60-70%,GDPR + HIPAA,Medical Alerts + Control,Medium-High,Phase 3 Advanced
Camera Gait Analysis,GPT-4V + Gait Algorithms,Advanced PWA,Advanced Biometrics,15-20,3-10,70-80%,GDPR + HIPAA,Activity Alerts + Control,Medium-High,Phase 3 Advanced
Multimodal Health Assessment,GPT-4o Omni + Claude 3.5,All Platforms,Multi-factor Auth,15-25,3-12,70-90%,GDPR + HIPAA + SOC2,Comprehensive Dashboard,Medium,Phase 3 Platform
Real-time Conversation Analysis,GPT-4o Realtime API,All Platforms,Voice Signature,5-8,1-3,85-90%,GDPR + HIPAA,Conversation Summaries,Very Low,Phase 1 Core
Medical Knowledge Integration,Claude 3.5 Sonnet Medical,All Platforms,Professional Auth,10-15,5-15,85-95%,GDPR + HIPAA + SOC2,Medical Consultation Access,Medium,Phase 1 Core
Family Communication Insights,GPT-4 + Conversation Summarization,Family Dashboard,Family PIN + 2FA,5-10,10-30,90-95%,GDPR + Family Privacy,Communication Hub,Low,Phase 1 Core
Predictive Health Analytics,GPT-4o + Predictive Modeling,Family Dashboard,Family Admin Auth,10-15,15-45,70-85%,GDPR + HIPAA + SOC2,Predictive Alerts,Medium,Phase 3 Advanced
Emergency Detection,Multimodal AI Fusion,All Platforms,Emergency Auth,3-20,1-30,80-90%,GDPR + HIPAA + Emergency,Emergency Response,Low-High,Phase 2 Safety
User Authentication,Custom Auth ML Models,All Platforms,Adaptive Multi-method,5-25,1-30,90-99%,GDPR + HIPAA + Biometric,Auth Management + Reset,Low-High (Adaptive),Phase 1 Security
Data Privacy Protection,Privacy-Preserving AI,All Platforms,Zero-knowledge Auth,10-20,0-5,99%+,GDPR + Zero-knowledge,Privacy Settings Control,Very Low,Phase 1 Security
Family Access Control,Role-Based Access Control,Family Dashboard,Hierarchical Access,15-30,30-120,95-99%,GDPR + RBAC,User Access Management,Low,Phase 1 Security
